,name,scores,characteristic1,characteristic2,characteristic3,characteristic4,characteristic5,characteristic6,characteristic7,mods
0,Наушники Logitech G435 ,0;0;1;6,"Назначение: игровые, PlayStation 4, PlayStation 5, Nintendo Switch","Конструкция: накладные, закрытые","Хар-ки: 20 – 20000Гц, 45Ом","Подключение: беспроводные, USB A, радиоканал, Bluetooth",Аккумулятор: до 18ч,,,Наушники Logitech G435 
1,Наушники Xiaomi Redmi Buds 3 Lite ,0;2;0;2,Назначение: для спорта,Конструкция: внутриканальные,Хар-ки: 20 – 20000Гц,"Подключение: беспроводные, Bluetooth v 5.2",Аккумулятор: до 5ч,,Кейс: до 18ч,Наушники Xiaomi Redmi Buds 3 Lite 
2,Наушники Apple AirPods 2 with Charging Case ,0;1;4;1,Конструкция: вкладыши,"Подключение: беспроводные, Bluetooth v 5.0",Аккумулятор: до 5ч,Кейс: до 24ч,,,,Наушники Apple AirPods 2 with Charging Case 
3,Наушники Logitech G Pro X ,2;3;2;9,Назначение: игровые,"Конструкция: накладные, закрытые","Хар-ки: 20 – 20000Гц, 35Ом","Подключение: проводные, 3.5 мм, 2х3.5 мм, USB A","Кабель: круглый, в оплетке, 2м",,,Наушники Logitech G Pro X 
4,Наушники Apple AirPods 3 ,1;0;0;2,Назначение: для спорта,Конструкция: вкладыши,"Подключение: беспроводные, Bluetooth v 5.0",Аккумулятор: до 6ч,Кейс: до 30ч,,,Наушники Apple AirPods 3 
5,Наушники Xiaomi Redmi Buds 4 Pro ,1;0;0;0,Назначение: для спорта,Конструкция: внутриканальные,"Подключение: беспроводные, Bluetooth v 5.3",Кейс: до 36ч,,,,Наушники Xiaomi Redmi Buds 4 Pro 
6,Наушники Xiaomi Redmi AirDots 2 ,1;5;1;2,Назначение: для спорта,Конструкция: внутриканальные,"Хар-ки: 20 – 20000Гц, 32Ом","Подключение: беспроводные, Bluetooth v 5.0","Аккумулятор: 43мАч, до 4ч",,"Кейс: 300мАч, до 12ч",Наушники Xiaomi Redmi AirDots 2 
7,Наушники Apple EarPods with Remote and Mic ,8;1;2;2,Конструкция: вкладыши,"Подключение: проводные, 3.5 мм","Кабель: круглый, 1.2м",,,,,Наушники Apple EarPods with Remote and Mic 
8,Наушники Apple AirPods Pro ,4;8;5;9,Назначение: для спорта,Конструкция: внутриканальные,"Подключение: беспроводные, Bluetooth v 5.0",Аккумулятор: до 4.5ч,Кейс: до 24ч,,,Наушники Apple AirPods Pro 
9,Наушники Samsung Galaxy Buds2 Pro ,0;0;0;0,Назначение: для спорта,Конструкция: внутриканальные,"Подключение: беспроводные, Bluetooth v 5.3","Аккумулятор: 58мАч, до 5ч","Кейс: 500мАч, до 18ч",,,Наушники Samsung Galaxy Buds2 Pro 
10,Наушники Logitech G733 ,0;1;1;1,Назначение: игровые,"Конструкция: накладные, закрытые","Хар-ки: 20 – 20000Гц, 39Ом","Подключение: беспроводные, радиоканал",Аккумулятор: до 29ч,,,Наушники Logitech G733 
11,Наушники Samsung Galaxy Buds2 ,0;1;3;0,Назначение: для спорта,Конструкция: внутриканальные,"Подключение: беспроводные, Bluetooth v 5.2","Аккумулятор: 61мАч, до 5ч","Кейс: 472мАч, до 20ч",,,Наушники Samsung Galaxy Buds2 
12,Наушники HyperX Cloud Alpha ,3;3;3;8,Назначение: игровые,"Конструкция: накладные, закрытые","Хар-ки: 13 – 27000Гц, 65Ом","Подключение: проводные, 3.5 мм, 2х3.5 мм","Кабель: круглый, в оплетке, 1.3м",,,Наушники HyperX Cloud Alpha 
13,Наушники JBL Tune 510BT ,0;1;0;1,"Конструкция: накладные, закрытые","Хар-ки: 20 – 20000Гц, 32Ом","Подключение: беспроводные, Bluetooth v 5.0","Аккумулятор: 450мАч, до 40ч",,,,Наушники JBL Tune 510BT 
14,Наушники Sony WH-1000XM5 ,0;0;0;0,Назначение: Hi-Res,"Конструкция: накладные, закрытые","Хар-ки: 4 – 40000Гц, 48Ом","Подключение: комбинированные, 3.5 мм, Bluetooth v 5.2","Кабель: круглый, 1.2м",,Аккумулятор: до 30ч,Наушники Sony WH-1000XM5 
15,Наушники JBL Tune 710BT ,0;0;0;1,"Конструкция: накладные, закрытые","Хар-ки: 20 – 20000Гц, 32Ом","Подключение: комбинированные, 3.5 мм, Bluetooth v 5.0","Аккумулятор: 690мАч, до 50ч",,,,Наушники JBL Tune 710BT 
16,Наушники A4Tech Bloody G521 ,0;0;2;5,Назначение: игровые,"Конструкция: накладные, закрытые","Хар-ки: 20 – 20000Гц, 16Ом","Подключение: проводные, USB A","Кабель: круглый, 2.3м",,,Наушники A4Tech Bloody G521 
17,Наушники HyperX Cloud II ,5;5;6;1,Назначение: игровые,"Конструкция: накладные, закрытые","Хар-ки: 15 – 25000Гц, 60Ом","Подключение: проводные, 3.5 мм, USB A","Кабель: круглый, в оплетке, 1м",,,Наушники HyperX Cloud II 
18,Наушники JBL Wave 300TWS ,0;0;0;0,Назначение: для спорта,Конструкция: вкладыши,"Хар-ки: 20 – 20000Гц, 32Ом","Подключение: беспроводные, Bluetooth v 5.2","Аккумулятор: 40мАч, до 6ч",,"Кейс: 500мАч, до 20ч",Наушники JBL Wave 300TWS 
19,Наушники Apple AirPods Pro MagSafe ,4;8;5;9,Назначение: для спорта,Конструкция: внутриканальные,"Подключение: беспроводные, Bluetooth v 5.0",Аккумулятор: до 4.5ч,Кейс: до 24ч,,,Наушники Apple AirPods Pro MagSafe 
20,Наушники Xiaomi Redmi Buds 3 ,1;0;1;2,Назначение: для спорта,Конструкция: вкладыши,Хар-ки: 20 – 20000Гц,"Подключение: беспроводные, Bluetooth v 5.2","Аккумулятор: 35мАч, до 5ч",,"Кейс: 310мАч, до 25ч",Наушники Xiaomi Redmi Buds 3 
21,Наушники Logitech G335 ,0;1;0;1,Назначение: игровые,"Конструкция: накладные, закрытые","Хар-ки: 20 – 20000Гц, 36Ом","Подключение: проводные, 3.5 мм",,,,Наушники Logitech G335 
22,Наушники Xiaomi Redmi Buds 3 Pro ,2;1;1;5,Назначение: для спорта,Конструкция: внутриканальные,Хар-ки: 32Ом,"Подключение: беспроводные, Bluetooth v 5.2","Аккумулятор: 35мАч, до 6ч",,"Кейс: 470мАч, до 28ч",Наушники Xiaomi Redmi Buds 3 Pro 
23,Наушники Realme Buds Air 3 ,0;0;0;0,Назначение: для спорта,Конструкция: внутриканальные,"Подключение: беспроводные, Bluetooth v 5.2",Аккумулятор: до 5.5ч,Кейс: до 30ч,,,Наушники Realme Buds Air 3 
24,Наушники Xiaomi Redmi AirDots 3 ,1;3;0;2,Назначение: для спорта,Конструкция: внутриканальные,"Хар-ки: 20 – 20000Гц, 32Ом","Подключение: беспроводные, Bluetooth v 5.2","Аккумулятор: 43мАч, до 7ч",,"Кейс: 600мАч, до 30ч",Наушники Xiaomi Redmi AirDots 3 
25,Наушники Razer Blackshark V2 X ,0;0;2;1,Назначение: игровые,"Конструкция: накладные, закрытые","Хар-ки: 12 – 28000Гц, 32Ом","Подключение: проводные, 3.5 мм","Кабель: круглый, 1.3м",,,Наушники Razer Blackshark V2 X 
26,Наушники Xiaomi Piston Fresh Bloom ,1;2;2;2,Конструкция: внутриканальные,"Хар-ки: 20 – 20000Гц, 32Ом","Подключение: проводные, 3.5 мм","Кабель: плоский, 1.25м",,,,Наушники Xiaomi Piston Fresh Bloom 
27,Наушники JBL Wave 300TWS ,0;0;0;0,Назначение: для спорта,Конструкция: вкладыши,"Хар-ки: 20 – 20000Гц, 32Ом","Подключение: беспроводные, Bluetooth v 5.2","Аккумулятор: 40мАч, до 6ч",,"Кейс: 500мАч, до 20ч",Наушники JBL Wave 300TWS 
28,Наушники Sony WF-1000XM4 ,1;1;1;2,Назначение: для спорта,Конструкция: внутриканальные,Хар-ки: 20 – 40000Гц,"Подключение: беспроводные, Bluetooth v 5.2",Аккумулятор: до 8ч,,Кейс: до 36ч,Наушники Sony WF-1000XM4 
29,Наушники Realme Buds Air 3 ,0;0;0;0,Назначение: для спорта,Конструкция: внутриканальные,"Подключение: беспроводные, Bluetooth v 5.2",Аккумулятор: до 5.5ч,Кейс: до 30ч,,,Наушники Realme Buds Air 3 
30,Наушники Razer Kraken X Lite ,9;4;6;4,Назначение: игровые,"Конструкция: накладные, закрытые","Хар-ки: 12 – 28000Гц, 32Ом","Подключение: проводные, 3.5 мм, 2х3.5 мм","Кабель: круглый, 1.3м",,,Наушники Razer Kraken X Lite 
31,Наушники Sony WF-C500 ,0;0;1;1,Назначение: для спорта,Конструкция: внутриканальные,Хар-ки: 20 – 20000Гц,"Подключение: беспроводные, Bluetooth v 5.0",Аккумулятор: до 10ч,,Кейс: до 20ч,Наушники Sony WF-C500 
32,Наушники Razer BlackShark V2 ,0;0;1;1,Назначение: игровые,"Конструкция: накладные, закрытые","Хар-ки: 12 – 28000Гц, 32Ом","Подключение: проводные, 3.5 мм, USB A","Кабель: круглый, в оплетке, 1.8м",,,Наушники Razer BlackShark V2 
33,Наушники Razer Barracuda X ,0;0;1;0,Назначение: игровые,"Конструкция: накладные, закрытые","Хар-ки: 20 – 20000Гц, 32Ом","Подключение: комбинированные, 3.5 мм, USB A, USB C, радиоканал",Кабель: 1.3м,,Аккумулятор: до 20ч,Наушники Razer Barracuda X 
34,Наушники Realme Buds Air 3 Neo ,0;0;0;0,Назначение: для спорта,Конструкция: внутриканальные,"Подключение: беспроводные, Bluetooth v 5.2",Аккумулятор: до 7ч,Кейс: до 30ч,,,Наушники Realme Buds Air 3 Neo 
35,Наушники Havit H2002D ,0;0;0;0,"Назначение: игровые, PlayStation 4, Xbox One, Xbox Series S","Конструкция: накладные, закрытые","Хар-ки: 20 – 20000Гц, 64Ом","Подключение: проводные, 3.5 мм","Кабель: круглый, 2м",,,Наушники Havit H2002D 
36,Наушники HyperX Cloud Alpha S ,3;1;3;6,Назначение: игровые,"Конструкция: накладные, закрытые","Хар-ки: 13 – 27000Гц, 65Ом","Подключение: проводные, 3.5 мм, USB A","Кабель: круглый, в оплетке, 1м",,,Наушники HyperX Cloud Alpha S 
37,Наушники OPPO Enco Air2 PRO ,0;0;0;0,Назначение: для спорта,Конструкция: внутриканальные,Хар-ки: 20 – 20000Гц,"Подключение: беспроводные, Bluetooth v 5.2",Аккумулятор: до 7ч,,Кейс: до 28ч,Наушники OPPO Enco Air2 PRO 
38,Наушники Apple EarPods with Lightning Connector ,0;1;0;1,Конструкция: вкладыши,"Подключение: проводные, Lightning",Кабель: круглый,,,,,Наушники Apple EarPods with Lightning Connector 
39,Наушники Xiaomi Redmi Buds 4 ,0;0;0;0,Назначение: для спорта,Конструкция: внутриканальные,"Хар-ки: 20 – 20000Гц, 16Ом","Подключение: беспроводные, Bluetooth v 5.2",Аккумулятор: 48мАч,,"Кейс: 490мАч, до 30ч",Наушники Xiaomi Redmi Buds 4 
40,Наушники Logitech G Pro X Wireless ,0;1;1;2,"Конструкция: накладные, закрытые","Хар-ки: 20 – 20000Гц, 32Ом","Подключение: беспроводные, радиоканал",Аккумулятор: до 20ч,,,,Наушники Logitech G Pro X Wireless 
41,Наушники JBL T110 ,1;1;1;1,Конструкция: внутриканальные,"Хар-ки: 20 – 20000Гц, 16Ом","Подключение: проводные, 3.5 мм","Кабель: плоский, 1.1м",,,,Наушники JBL T110 
42,Наушники Philips TAT2236 ,0;0;1;2,Назначение: для спорта,Конструкция: вкладыши,"Хар-ки: 20 – 20000Гц, 32Ом","Подключение: беспроводные, Bluetooth v 5.0",Аккумулятор: до 6ч,,Кейс: до 18ч,Наушники Philips TAT2236 
43,Наушники Xiaomi Mi Air 2 Pro ,0;0;1;0,Назначение: для спорта,Конструкция: внутриканальные,"Хар-ки: 20 – 20000Гц, 32Ом","Подключение: беспроводные, Bluetooth v 5.0","Аккумулятор: 55мАч, до 7ч",,"Кейс: 350мАч, до 28ч",Наушники Xiaomi Mi Air 2 Pro 
44,Наушники Realme Buds Air 2 Neo ,0;0;0;2,Назначение: для спорта,Конструкция: внутриканальные,Хар-ки: 20 – 20000Гц,"Подключение: беспроводные, Bluetooth v 5.2","Аккумулятор: 40мАч, до 5ч",,"Кейс: 400мАч, до 28ч",Наушники Realme Buds Air 2 Neo 
45,Наушники JBL Wave 200TWS ,1;0;0;2,Назначение: для спорта,Конструкция: внутриканальные,"Хар-ки: 20 – 20000Гц, 16Ом","Подключение: беспроводные, Bluetooth v 5.0",Аккумулятор: до 5ч,,Кейс: до 20ч,Наушники JBL Wave 200TWS 
46,Наушники JBL Tune 125BT ,0;0;2;3,Конструкция: внутриканальные,"Хар-ки: 20 – 20000Гц, 16Ом","Подключение: беспроводные, Bluetooth v 5.0",Кабель: плоский,"Аккумулятор: 120мАч, до 16ч",,,Наушники JBL Tune 125BT 
47,Наушники JBL Wave 100TWS ,0;0;1;1,Конструкция: внутриканальные,"Хар-ки: 20 – 20000Гц, 16Ом","Подключение: беспроводные, Bluetooth v 5.0","Аккумулятор: 46мАч, до 5ч",,,,Наушники JBL Wave 100TWS 
48,Наушники OPPO Enco W12 ,0;0;0;2,Назначение: для спорта,Конструкция: внутриканальные,Хар-ки: 20 – 20000Гц,"Подключение: беспроводные, Bluetooth v 5.2","Аккумулятор: 40мАч, до 6ч",,"Кейс: 400мАч, до 24ч",Наушники OPPO Enco W12 
49,Наушники Koss Porta Pro ,5;7;2;7,"Конструкция: накладные, открытые","Хар-ки: 15 – 25000Гц, 60Ом","Подключение: проводные, 3.5 мм, 6.35 мм","Кабель: круглый, 1.2м",,,,Наушники Koss Porta Pro 
50,Наушники A4Tech Bloody G575 ,0;1;2;4,Назначение: игровые,"Конструкция: накладные, закрытые","Хар-ки: 20 – 20000Гц, 16Ом","Подключение: проводные, USB A","Кабель: круглый, в оплетке, 2м",,,Наушники A4Tech Bloody G575 
51,Наушники A4Tech Bloody MR710 ,0;0;0;0,Назначение: игровые,"Конструкция: накладные, закрытые","Хар-ки: 20 – 20000Гц, 16Ом","Подключение: комбинированные, 3.5 мм, радиоканал, Bluetooth v 5.0","Кабель: круглый, в оплетке, 1.5м",,"Аккумулятор: 1200мАч, до 44ч",Наушники A4Tech Bloody MR710 
52,Наушники Apple AirPods Max ,0;0;0;0,"Конструкция: накладные, закрытые","Подключение: беспроводные, Bluetooth v 5.0",Аккумулятор: до 20ч,,,,,Наушники Apple AirPods Max 
53,Наушники Haylou MoriPods ,0;0;2;0,Назначение: для спорта,Конструкция: вкладыши,Хар-ки: 20 – 20000Гц,"Подключение: беспроводные, Bluetooth v 5.2","Аккумулятор: 35мАч, до 6ч",,"Кейс: 310мАч, до 24ч",Наушники Haylou MoriPods 
54,Наушники Edifier W800BT Plus ,0;0;0;0,"Конструкция: накладные, закрытые","Хар-ки: 20 – 20000Гц, 32Ом","Подключение: комбинированные, 3.5 мм, Bluetooth v 5.1","Кабель: круглый, 1.2м",Аккумулятор: до 55ч,,Кейс: 670мАч,Наушники Edifier W800BT Plus 
55,Наушники Logitech G332 ,0;0;4;1,Назначение: игровые,"Конструкция: накладные, закрытые","Хар-ки: 20 – 20000Гц, 39Ом","Подключение: проводные, 3.5 мм, 2х3.5 мм","Кабель: круглый, 2м",,,Наушники Logitech G332 
56,Наушники QCY T1C ,0;1;2;3,Назначение: для спорта,Конструкция: внутриканальные,"Хар-ки: 20 – 20000Гц, 32Ом","Подключение: беспроводные, Bluetooth v 5.0","Аккумулятор: 43мАч, до 4ч",,Кейс: до 20ч,Наушники QCY T1C 
57,Наушники Sony MDR-EX15LP ,5;1;2;3,Конструкция: внутриканальные,"Хар-ки: 8 – 22000Гц, 16Ом","Подключение: проводные, 3.5 мм","Кабель: круглый, 1.2м",,,,Наушники Sony MDR-EX15LP 
58,Наушники Vivo TWS ,0;0;0;1,Конструкция: вкладыши,"Подключение: беспроводные, Bluetooth",Аккумулятор: до 4ч,,,,,Наушники Vivo TWS 
59,Наушники Xiaomi Mi True Wireless Earbuds Basic 2S ,1;2;1;2,Конструкция: внутриканальные,"Хар-ки: 20 – 20000Гц, 32Ом","Подключение: беспроводные, Bluetooth v 5.0","Аккумулятор: 43мАч, до 4ч",Кейс: 600мАч,,,Наушники Xiaomi Mi True Wireless Earbuds Basic 2S 
60,Наушники QCY T16 ,0;0;0;0,Назначение: для спорта,Конструкция: внутриканальные,"Подключение: беспроводные, Bluetooth v 5.2",Аккумулятор: до 5.5ч,"Кейс: 380мАч, до 22ч",,,Наушники QCY T16 
61,Наушники JBL Quantum 100 ,3;4;3;5,Назначение: игровые,"Конструкция: накладные, закрытые","Хар-ки: 20 – 20000Гц, 32Ом","Подключение: проводные, 3.5 мм","Кабель: круглый, 1.2м",,,Наушники JBL Quantum 100 
62,Наушники Huawei FreeBuds Pro 2 ,0;0;0;3,"Назначение: для спорта, Hi-Res",Конструкция: внутриканальные,Хар-ки: 14 – 48000Гц,"Подключение: беспроводные, Bluetooth v 5.2","Аккумулятор: 55мАч, до 4ч",,"Кейс: 580мАч, до 18ч",Наушники Huawei FreeBuds Pro 2 
63,Наушники Xiaomi Zmi PurPods Pro ,0;1;1;2,Конструкция: внутриканальные,"Подключение: беспроводные, Bluetooth v 5.2","Аккумулятор: 48мАч, до 7ч",Кейс: 490мАч,,,,Наушники Xiaomi Zmi PurPods Pro 
64,Наушники HyperX Cloud Stinger ,4;7;1;1,Назначение: игровые,"Конструкция: накладные, закрытые","Хар-ки: 18 – 23000Гц, 30Ом","Подключение: проводные, 3.5 мм, 2х3.5 мм","Кабель: круглый, в оплетке, 1.3м",,,Наушники HyperX Cloud Stinger 
65,Наушники Logitech G333 ,0;1;0;1,Назначение: игровые,Конструкция: внутриканальные,"Хар-ки: 20 – 20000Гц, 24Ом","Подключение: проводные, 3.5 мм, USB C",Кабель: плоский,,,Наушники Logitech G333 
66,Наушники A4Tech Bloody G220 ,0;0;0;3,Назначение: игровые,"Конструкция: накладные, закрытые","Хар-ки: 20 – 20000Гц, 16Ом","Подключение: проводные, 3.5 мм, 2х3.5 мм, USB A","Кабель: круглый, в оплетке, 2м",,,Наушники A4Tech Bloody G220 
67,Наушники Razer Kraken Tournament Edition ,1;0;3;1,Назначение: игровые,"Конструкция: накладные, закрытые","Хар-ки: 12 – 28000Гц, 32Ом","Подключение: проводные, 3.5 мм, USB A","Кабель: круглый, в оплетке, 1.3м",,,Наушники Razer Kraken Tournament Edition 
68,Наушники Philips TAT2206 ,0;0;1;3,Назначение: для спорта,Конструкция: внутриканальные,"Хар-ки: 20 – 20000Гц, 16Ом","Подключение: беспроводные, Bluetooth v 5.0",Аккумулятор: до 6ч,,,Наушники Philips TAT2206 
69,Наушники JBL T205 ,1;1;2;2,Конструкция: вкладыши,"Хар-ки: 20 – 20000Гц, 32Ом","Подключение: проводные, 3.5 мм","Кабель: плоский, 1.2м",,,,Наушники JBL T205 
70,Наушники OnePlus Buds Z2 ,0;0;0;0,Назначение: для спорта,Конструкция: внутриканальные,Хар-ки: 20 – 20000Гц,"Подключение: беспроводные, Bluetooth v 5.2","Аккумулятор: 40мАч, до 5ч",,"Кейс: 520мАч, до 27ч",Наушники OnePlus Buds Z2 
71,Наушники A4Tech Bloody G535 ,0;0;0;0,Назначение: игровые,"Конструкция: накладные, закрытые","Хар-ки: 20 – 20000Гц, 16Ом","Подключение: проводные, USB A","Кабель: круглый, в оплетке, 2м",,,Наушники A4Tech Bloody G535 
72,Наушники SteelSeries Arctis 7P Plus Wireless ,0;0;0;0,"Назначение: игровые, PlayStation 4, PlayStation 5, Nintendo Switch","Конструкция: накладные, закрытые",Хар-ки: 20 – 20000Гц,"Подключение: комбинированные, 3.5 мм, USB A, USB C, радиоканал",Аккумулятор: до 30ч,,,Наушники SteelSeries Arctis 7P Plus Wireless 
73,Наушники Apple AirPods 2 with Wireless Charging Case ,0;1;4;1,Конструкция: вкладыши,"Подключение: беспроводные, Bluetooth v 5.0",Аккумулятор: до 5ч,Кейс: до 24ч,,,,Наушники Apple AirPods 2 with Wireless Charging Case 
74,Наушники Razer Kraken V3 X ,0;0;1;1,Назначение: игровые,"Конструкция: накладные, закрытые","Хар-ки: 12 – 28000Гц, 32Ом","Подключение: проводные, USB A",Кабель: 1.8м,,,Наушники Razer Kraken V3 X 
75,Наушники Edifier W820NB ,0;0;0;1,"Конструкция: накладные, закрытые","Хар-ки: 20 – 40000Гц, 32Ом","Подключение: беспроводные, Bluetooth v 5.0","Аккумулятор: 400мАч, до 29ч",,,,Наушники Edifier W820NB 
76,Наушники QCY T11 ,0;0;1;0,Назначение: для спорта,Конструкция: внутриканальные,"Хар-ки: 20 – 20000Гц, 16Ом","Подключение: беспроводные, Bluetooth v 5.0","Аккумулятор: 60мАч, до 2.5ч",,Кейс: 600мАч,Наушники QCY T11 
77,Наушники Razer Kraken X ,4;1;4;2,Назначение: игровые,"Конструкция: накладные, закрытые","Хар-ки: 12 – 28000Гц, 32Ом","Подключение: проводные, 3.5 мм, 2х3.5 мм","Кабель: круглый, 1.3м",,,Наушники Razer Kraken X 
78,Наушники Audio-Technica ATH-S220BT ,0;0;0;0,"Конструкция: накладные, закрытые","Хар-ки: 5 – 32000Гц, 32Ом","Подключение: комбинированные, 3.5 мм, Bluetooth v 5.0","Кабель: круглый, 1.2м",Аккумулятор: до 60ч,,,Наушники Audio-Technica ATH-S220BT 
79,Наушники Defender FreeMotion B525 ,0;0;0;1,"Конструкция: накладные, закрытые",Хар-ки: 20 – 20000Гц,"Подключение: комбинированные, 3.5 мм, Bluetooth v 4.2",Аккумулятор: до 8ч,,,,Наушники Defender FreeMotion B525 
80,Наушники SteelSeries Arctis 5 ,1;0;1;7,Назначение: игровые,"Конструкция: накладные, закрытые","Хар-ки: 20 – 22000Гц, 32Ом","Подключение: проводные, 3.5 мм, USB A","Кабель: круглый, 3м",,,Наушники SteelSeries Arctis 5 
81,Наушники JBL Tune 760NC ,1;0;0;0,"Конструкция: накладные, закрытые","Хар-ки: 20 – 20000Гц, 32Ом","Подключение: комбинированные, 3.5 мм, Bluetooth v 5.0",Аккумулятор: до 35ч,,,,Наушники JBL Tune 760NC 
82,Наушники Xiaomi Mi True Wireless Earphones 2 Basic ,1;1;1;2,Конструкция: вкладыши,Хар-ки: 32Ом,"Подключение: беспроводные, Bluetooth v 5.0",Аккумулятор: до 5ч,Кейс: до 20ч,,,Наушники Xiaomi Mi True Wireless Earphones 2 Basic 
83,Наушники Edifier NeoBuds Pro ,0;0;0;1,"Назначение: для спорта, Hi-Res",Конструкция: внутриканальные,"Хар-ки: 20 – 40000Гц, 24Ом","Подключение: беспроводные, Bluetooth v 5.0","Аккумулятор: 40мАч, до 5ч",,"Кейс: 400мАч, до 24ч",Наушники Edifier NeoBuds Pro 
84,Наушники A4Tech Bloody GR230 ,0;0;0;0,Назначение: игровые,"Конструкция: накладные, закрытые","Хар-ки: 20 – 20000Гц, 16Ом","Подключение: комбинированные, 3.5 мм, радиоканал, Bluetooth v 5.2",Кабель: 1.5м,,"Аккумулятор: 1050мАч, до 20ч",Наушники A4Tech Bloody GR230 
85,Наушники SteelSeries Arctis 9 Wireless ,0;0;0;2,Назначение: игровые,"Конструкция: накладные, закрытые","Хар-ки: 20 – 20000Гц, 32Ом","Подключение: беспроводные, Bluetooth v 4.1",Аккумулятор: до 20ч,,,Наушники SteelSeries Arctis 9 Wireless 
86,Наушники SteelSeries Arctis 1 ,1;0;1;4,Назначение: игровые,"Конструкция: накладные, закрытые","Хар-ки: 20 – 20000Гц, 32Ом","Подключение: проводные, 3.5 мм, 2х3.5 мм","Кабель: круглый, 3м",,,Наушники SteelSeries Arctis 1 
87,Наушники Razer Kraken BT Kitty Edition ,0;0;0;0,Назначение: игровые,Конструкция: накладные (Cat Ear),"Хар-ки: 20 – 20000Гц, 32Ом","Подключение: беспроводные, Bluetooth v 5.0",Аккумулятор: до 50ч,,,Наушники Razer Kraken BT Kitty Edition 
88,Наушники SteelSeries Arctis Prime ,0;0;0;1,Назначение: игровые,"Конструкция: накладные, закрытые","Хар-ки: 10 – 40000Гц, 32Ом","Подключение: проводные, 3.5 мм, 2х3.5 мм",Кабель: круглый,,,Наушники SteelSeries Arctis Prime 
89,Наушники 1More Piston Fit ,0;0;1;7,Конструкция: внутриканальные,"Хар-ки: 20 – 20000Гц, 32Ом","Подключение: проводные, 3.5 мм","Кабель: круглый, 1.25м",,,,Наушники 1More Piston Fit 
90,Наушники 2E HG330 7.1 ,0;0;0;1,Назначение: игровые,"Конструкция: накладные, закрытые","Хар-ки: 20 – 20000Гц, 32Ом","Подключение: проводные, USB A","Кабель: круглый, 2м",,,Наушники 2E HG330 7.1 
91,Наушники Haylou W1 ,0;0;0;2,Назначение: для спорта,Конструкция: внутриканальные,Хар-ки: 20 – 20000Гц,"Подключение: беспроводные, Bluetooth v 5.2","Аккумулятор: 32мАч, до 6ч",,"Кейс: 310мАч, до 20ч",Наушники Haylou W1 
92,Наушники SteelSeries Arctis 3 2019 Edition ,0;1;0;7,Назначение: игровые,"Конструкция: накладные, закрытые","Хар-ки: 20 – 22000Гц, 32Ом","Подключение: проводные, 3.5 мм, 2х3.5 мм",Кабель: 3м,,,Наушники SteelSeries Arctis 3 2019 Edition 
93,Наушники Razer Kraken Multi-Platform ,5;2;6;1,Назначение: игровые,"Конструкция: накладные, закрытые","Хар-ки: 12 – 28000Гц, 32Ом","Подключение: проводные, 3.5 мм","Кабель: круглый, 1.3м",,,Наушники Razer Kraken Multi-Platform 
94,Наушники Google Pixel Buds Pro ,0;0;0;0,Назначение: для спорта,Конструкция: вкладыши,"Подключение: беспроводные, Bluetooth v 5.0",Аккумулятор: до 7ч,Кейс: до 20ч,,,Наушники Google Pixel Buds Pro 
95,Наушники SteelSeries Arctis 7 ,1;0;1;5,Назначение: игровые,"Конструкция: накладные, закрытые","Хар-ки: 20 – 20000Гц, 32Ом","Подключение: комбинированные, 3.5 мм, USB A, радиоканал",Кабель: круглый,,Аккумулятор: до 24ч,Наушники SteelSeries Arctis 7 
96,Наушники Hoco W25 ,0;1;0;1,"Конструкция: накладные, закрытые",Хар-ки: 20 – 20000Гц,"Подключение: комбинированные, 3.5 мм, Bluetooth v 5.0",Кабель: круглый,"Аккумулятор: 300мАч, до 12ч",,,Наушники Hoco W25 
97,Наушники Logitech G535 Lightspeed ,0;0;0;0,Назначение: игровые,"Конструкция: накладные, закрытые","Хар-ки: 20 – 20000Гц, 36Ом","Подключение: беспроводные, USB A, радиоканал",Аккумулятор: до 33ч,,,Наушники Logitech G535 Lightspeed 
98,Наушники Samsung EO-IA500 ,0;0;0;0,Конструкция: внутриканальные,"Хар-ки: 20 – 20000Гц, 32Ом","Подключение: проводные, 3.5 мм","Кабель: круглый, 1.2м",,,,Наушники Samsung EO-IA500 
99,Наушники SteelSeries Arctis 1 Wireless ,0;0;1;4,Назначение: игровые,"Конструкция: накладные, закрытые","Хар-ки: 20 – 20000Гц, 32Ом","Подключение: комбинированные, 3.5 мм, радиоканал","Кабель: круглый, 3м",,,Наушники SteelSeries Arctis 1 Wireless 
100,Наушники Xiaomi Buds 3 ,0;0;0;0,Назначение: для спорта,Конструкция: внутриканальные,Хар-ки: 32Ом,"Подключение: беспроводные, Bluetooth v 5.2",Аккумулятор: до 7ч,,Кейс: до 32ч,Наушники Xiaomi Buds 3 
101,Наушники SteelSeries Arctis Nova Pro ,0;0;0;0,"Назначение: игровые, Platstation 4/5, Nintendo Switch, Hi-Res","Конструкция: накладные, закрытые","Хар-ки: 10 – 40000Гц, 38Ом","Подключение: проводные, 3.5 мм","Кабель: круглый, 1.2м",,,Наушники SteelSeries Arctis Nova Pro 
102,Наушники Asus ROG Delta S ,1;0;0;0,"Назначение: игровые, PlayStation 4, PlayStation 5, Nintendo Switch, Hi-Res","Конструкция: накладные, закрытые","Хар-ки: 20 – 40000Гц, 32Ом","Подключение: проводные, USB A, USB C","Кабель: круглый, в оплетке, 1.5м",,,Наушники Asus ROG Delta S 
103,Наушники HyperX Cloud Earbuds ,0;2;2;6,Назначение: игровые,Конструкция: внутриканальные,"Хар-ки: 20 – 20000Гц, 65Ом","Подключение: проводные, 3.5 мм","Кабель: плоский, 1.2м",,,Наушники HyperX Cloud Earbuds 
104,Наушники Razer Kraken Mercury Edition ,5;2;6;1,Назначение: игровые,"Конструкция: накладные, закрытые","Хар-ки: 12 – 28000Гц, 32Ом","Подключение: проводные, 3.5 мм","Кабель: круглый, 1.3м",,,Наушники Razer Kraken Mercury Edition 
105,Наушники Xiaomi Piston Fresh ,0;0;2;4,Конструкция: внутриканальные,"Хар-ки: 20 – 20000Гц, 32Ом","Подключение: проводные, 3.5 мм","Кабель: круглый, 1.25м",,,,Наушники Xiaomi Piston Fresh 
106,Наушники Bose Noise Cancelling Headphones 700 ,0;0;0;2,"Конструкция: накладные, закрытые","Подключение: комбинированные, 3.5 мм, Bluetooth v 5.0","Кабель: круглый, 1.1м",Аккумулятор: до 20ч,,,,Наушники Bose Noise Cancelling Headphones 700 
107,Наушники Razer Blackshark V2 Pro ,0;0;1;0,Назначение: игровые,"Конструкция: накладные, закрытые","Хар-ки: 12 – 28000Гц, 32Ом","Подключение: комбинированные, 3.5 мм, радиоканал","Кабель: круглый, 1.3м",,Аккумулятор: до 24ч,Наушники Razer Blackshark V2 Pro 
108,Наушники Google Pixel Buds A-Series ,0;0;0;0,Назначение: для спорта,Конструкция: внутриканальные,Хар-ки: 20 – 20000Гц,"Подключение: беспроводные, Bluetooth v 5.0",Аккумулятор: до 5ч,,Кейс: до 24ч,Наушники Google Pixel Buds A-Series 
109,Наушники SteelSeries Arctis Nova 1 ,0;0;0;0,"Назначение: игровые, Playstation 4/5, Xbox One, Series S/X, Nintendo Switch","Конструкция: накладные, закрытые","Хар-ки: 20 – 22000Гц, 36Ом","Подключение: проводные, 3.5 мм, 2х3.5 мм","Кабель: круглый, 1.2м",,,Наушники SteelSeries Arctis Nova 1 
110,Наушники Sony WH-H910N ,0;0;0;0,"Конструкция: накладные, закрытые","Хар-ки: 5 – 40000Гц, 17Ом","Подключение: комбинированные, 3.5 мм, Bluetooth v 5.0",Кабель: 1.2м,Аккумулятор: до 35ч,,,Наушники Sony WH-H910N 
111,Наушники HyperX Cloud II Wireless ,0;1;0;1,Назначение: игровые,"Конструкция: накладные, закрытые","Хар-ки: 15 – 25000Гц, 60Ом","Подключение: беспроводные, USB A, радиоканал",Аккумулятор: до 30ч,,,Наушники HyperX Cloud II Wireless 
112,Наушники QCY T19 ,0;0;0;0,Конструкция: внутриканальные,"Подключение: беспроводные, Bluetooth v 5.1",Аккумулятор: до 7.5ч,"Кейс: 380мАч, до 30ч",,,,Наушники QCY T19 
113,Наушники Realme Buds Q2 ,0;0;0;1,Назначение: для спорта,Конструкция: внутриканальные,Хар-ки: 20 – 25000Гц,"Подключение: беспроводные, Bluetooth v 5.0",Аккумулятор: до 5ч,,Кейс: до 20ч,Наушники Realme Buds Q2 
114,Наушники Samsung EO-IC100 ,0;0;0;0,Конструкция: внутриканальные,"Хар-ки: 20 – 20000Гц, 32Ом","Подключение: проводные, USB C",Кабель: круглый,,,,Наушники Samsung EO-IC100 
115,Наушники JBL Tune 215TWS ,0;0;1;3,Конструкция: внутриканальные,"Хар-ки: 20 – 20000Гц, 14Ом","Подключение: беспроводные, Bluetooth v 5.0","Аккумулятор: 55мАч, до 5ч","Кейс: 660мАч, до 20ч",,,Наушники JBL Tune 215TWS 
116,Наушники Xiaomi True Wireless Earphones 2 Pro ,0;0;0;0,Назначение: для спорта,Конструкция: внутриканальные,"Хар-ки: 20 – 20000Гц, 32Ом","Подключение: беспроводные, Bluetooth v 5.0",Аккумулятор: до 6ч,,,Наушники Xiaomi True Wireless Earphones 2 Pro 
117,Наушники Asus ROG Delta Type-C ,0;0;1;0,Назначение: игровые,"Конструкция: накладные, закрытые",Хар-ки: 20 – 40000Гц,"Подключение: проводные, USB A, USB C","Кабель: круглый, в оплетке, 1м",,,Наушники Asus ROG Delta Type-C 
118,Наушники Haylou GT6 ,0;1;0;1,Конструкция: вкладыши,Хар-ки: 20 – 20000Гц,"Подключение: беспроводные, Bluetooth v 5.2","Аккумулятор: 35мАч, до 5.5ч","Кейс: 310мАч, до 20.5ч",,,Наушники Haylou GT6 
119,Наушники JBL Live Pro+ ,1;0;1;0,Назначение: для спорта,Конструкция: внутриканальные,"Хар-ки: 20 – 20000Гц, 16Ом","Подключение: беспроводные, Bluetooth v 5.0","Аккумулятор: 55мАч, до 6ч",,"Кейс: 500мАч, до 28ч",Наушники JBL Live Pro+ 
120,Наушники 1More Piston v2 ,0;0;1;3,Конструкция: внутриканальные,"Хар-ки: 20 – 20000Гц, 12Ом","Подключение: проводные, 3.5 мм","Кабель: круглый, 1.1м",,,,Наушники 1More Piston v2 
121,Наушники Xiaomi Mi Air 2s ,0;0;1;1,Конструкция: вкладыши,Хар-ки: 20 – 20000Гц,"Подключение: беспроводные, Bluetooth v 5.0",Аккумулятор: до 5ч,Кейс: до 14ч,,,Наушники Xiaomi Mi Air 2s 
122,Наушники Razer Hammerhead TWS ,0;1;0;0,"Назначение: игровые, для спорта",Конструкция: вкладыши,"Хар-ки: 20 – 20000Гц, 32Ом","Подключение: беспроводные, Bluetooth v 5.0",Аккумулятор: до 3ч,,Кейс: до 16ч,Наушники Razer Hammerhead TWS 
123,Наушники JBL Quantum 50 ,0;2;1;2,Назначение: игровые,Конструкция: внутриканальные,"Хар-ки: 20 – 20000Гц, 16Ом","Подключение: проводные, 3.5 мм","Кабель: круглый, в оплетке",,,Наушники JBL Quantum 50 
124,Наушники HyperX Cloud Blue ,0;0;0;1,"Назначение: игровые, PlayStation 4, PlayStation 5","Конструкция: накладные, закрытые","Хар-ки: 15 – 25000Гц, 41Ом","Подключение: проводные, 3.5 мм","Кабель: круглый, в оплетке, 1.3м",,,Наушники HyperX Cloud Blue 
125,Наушники QCY T17S ,0;0;0;0,Назначение: для спорта,Конструкция: внутриканальные,Хар-ки: 20 – 20000Гц,"Подключение: беспроводные, Bluetooth v 5.2",Аккумулятор: до 7.5ч,,"Кейс: 380мАч, до 26ч",Наушники QCY T17S 
126,Наушники JBL Quantum 350 ,0;1;0;1,Назначение: игровые,"Конструкция: накладные, закрытые","Хар-ки: 20 – 20000Гц, 32Ом","Подключение: комбинированные, USB A, радиоканал",Аккумулятор: до 22ч,,,Наушники JBL Quantum 350 
127,Наушники Realme Buds Wireless ,0;0;1;2,Назначение: для спорта,Конструкция: внутриканальные,"Подключение: беспроводные, Bluetooth v 5.0",Кабель: круглый,"Аккумулятор: 110мАч, до 12ч",,,Наушники Realme Buds Wireless 
128,Наушники Razer Opus X ,0;0;0;0,Назначение: игровые,"Конструкция: накладные, закрытые",Хар-ки: 20 – 20000Гц,"Подключение: беспроводные, Bluetooth v 5.0",Аккумулятор: до 30ч,,,Наушники Razer Opus X 
129,Наушники Xiaomi Buds 3T Pro ,0;0;0;0,"Назначение: для спорта, Hi-Res",Конструкция: внутриканальные,Хар-ки: 32Ом,"Подключение: беспроводные, Bluetooth v 5.2",Аккумулятор: до 6ч,,Кейс: до 24ч,Наушники Xiaomi Buds 3T Pro 
130,Наушники QCY T5 ,5;1;2;1,Конструкция: внутриканальные,"Подключение: беспроводные, Bluetooth v 5.0","Аккумулятор: 40мАч, до 5ч",,,,,Наушники QCY T5 
131,Наушники Asus ROG Fusion II 300 ,0;0;0;0,"Назначение: игровые, Nintendo Switch, Sony PS4/PS5, Hi-Res","Конструкция: накладные, закрытые","Хар-ки: 20 – 40000Гц, 32Ом","Подключение: проводные, USB A, USB C","Кабель: круглый, в оплетке, 2м",,,Наушники Asus ROG Fusion II 300 
132,Наушники Razer Barracuda ,0;0;0;0,"Назначение: игровые, PlayStation 4, PlayStation 5, Nintendo Switch","Конструкция: накладные, закрытые","Хар-ки: 20 – 20000Гц, 32Ом","Подключение: беспроводные, радиоканал, Bluetooth v 5.2",Аккумулятор: до 40ч,,,Наушники Razer Barracuda 
133,Наушники Logitech G432 ,0;1;1;1,Назначение: игровые,"Конструкция: накладные, закрытые","Хар-ки: 20 – 20000Гц, 39Ом","Подключение: проводные, 3.5 мм, 2х3.5 мм","Кабель: круглый, 2м",,,Наушники Logitech G432 
134,Наушники HyperX Cloud Core 7.1 ,0;3;8;4,Назначение: игровые,"Конструкция: накладные, закрытые","Хар-ки: 15 – 25000Гц, 60Ом","Подключение: проводные, 3.5 мм, 2х3.5 мм","Кабель: круглый, в оплетке, 1м",,,Наушники HyperX Cloud Core 7.1 
135,Наушники JBL Live 500BT ,1;2;3;3,"Конструкция: накладные, закрытые","Хар-ки: 18 – 20000Гц, 32Ом","Подключение: комбинированные, 3.5 мм, Bluetooth v 4.2","Кабель: круглый, в оплетке","Аккумулятор: 700мАч, до 30ч",,,Наушники JBL Live 500BT 
136,Наушники HyperX CloudX ,0;0;1;0,"Назначение: игровые, Xbox One, Xbox Series X, Xbox Series S","Конструкция: накладные, закрытые","Хар-ки: 15 – 25000Гц, 41Ом","Подключение: проводные, 3.5 мм, 2х3.5 мм","Кабель: круглый, в оплетке, 1.3м",,,Наушники HyperX CloudX 
137,Наушники Defender FreeMotion B555 ,0;0;0;0,"Конструкция: накладные, закрытые",Хар-ки: 20 – 20000Гц,"Подключение: комбинированные, 3.5 мм, Bluetooth v 5.0","Аккумулятор: 150мАч, до 5ч",,,,Наушники Defender FreeMotion B555 
138,Наушники Defender FreeMotion B552 ,0;0;0;0,"Конструкция: накладные, закрытые",Хар-ки: 20 – 20000Гц,"Подключение: комбинированные, 3.5 мм, Bluetooth v 5.0","Аккумулятор: 200мАч, до 5ч",,,,Наушники Defender FreeMotion B552 
139,Наушники A4Tech Bloody G573 ,0;0;0;0,Назначение: игровые,"Конструкция: накладные, закрытые","Хар-ки: 20 – 20000Гц, 16Ом","Подключение: проводные, USB A","Кабель: круглый, в оплетке, 2м",,,Наушники A4Tech Bloody G573 
140,Наушники QCY T10 Pro ,0;0;0;0,Назначение: для спорта,Конструкция: внутриканальные,Хар-ки: 20 – 20000Гц,"Подключение: беспроводные, Bluetooth v 5.1","Аккумулятор: 40мАч, до 4ч",,"Кейс: 600мАч, до 21ч",Наушники QCY T10 Pro 
141,Наушники SteelSeries Arctis Pro Wireless ,0;0;0;2,Назначение: игровые,"Конструкция: накладные, закрытые","Хар-ки: 10 – 40000Гц, 32Ом","Подключение: комбинированные, 3.5 мм, USB A, радиоканал, Bluetooth v 4.1",Аккумулятор: до 20ч,,,Наушники SteelSeries Arctis Pro Wireless 
142,Наушники Koss UR40 ,0;2;1;5,"Конструкция: накладные, открытые","Хар-ки: 15 – 22000Гц, 60Ом","Подключение: проводные, 3.5 мм","Кабель: круглый, 1.22м",,,,Наушники Koss UR40 
143,Наушники Haylou GT7 ,0;0;0;0,Конструкция: внутриканальные,"Хар-ки: 20 – 20000Гц, 32Ом","Подключение: беспроводные, Bluetooth v 5.2","Аккумулятор: 35мАч, до 6ч","Кейс: 310мАч, до 20ч",,,Наушники Haylou GT7 
144,Наушники Haylou GT1 Pro ,0;0;0;0,Назначение: для спорта,Конструкция: внутриканальные,"Хар-ки: 20 – 20000Гц, 32Ом","Подключение: беспроводные, Bluetooth v 5.0","Аккумулятор: 43мАч, до 3.5ч",,,Наушники Haylou GT1 Pro 
145,Наушники Edifier G33BT ,0;0;0;0,"Конструкция: накладные, закрытые","Хар-ки: 20 – 20000Гц, 32Ом","Подключение: комбинированные, 3.5 мм, Bluetooth v 5.0",Кабель: круглый,"Аккумулятор: 750мАч, до 48ч",,,Наушники Edifier G33BT 
146,Наушники JBL Live 660NC ,0;0;0;0,"Конструкция: накладные, закрытые","Хар-ки: 16 – 20000Гц, 32Ом","Подключение: комбинированные, Bluetooth v 5.0","Аккумулятор: 750мАч, до 40ч",,,,Наушники JBL Live 660NC 
147,Наушники Edifier X3 ,0;0;0;0,Назначение: для спорта,Конструкция: внутриканальные,"Хар-ки: 20 – 20000Гц, 16Ом","Подключение: беспроводные, Bluetooth v 5.0","Аккумулятор: 50мАч, до 6ч",,"Кейс: 350мАч, до 24ч",Наушники Edifier X3 
148,Наушники QCY T20 ,0;0;0;0,Назначение: для спорта,Конструкция: вкладыши,"Подключение: беспроводные, Bluetooth v 5.3",Аккумулятор: до 5.5ч,"Кейс: 220мАч, до 20ч",,,Наушники QCY T20 
149,Наушники SteelSeries Arctis 3 ,0;1;0;7,Назначение: игровые,"Конструкция: накладные, закрытые","Хар-ки: 20 – 22000Гц, 32Ом","Подключение: проводные, 3.5 мм, 2х3.5 мм",Кабель: 3м,,,Наушники SteelSeries Arctis 3 
150,Наушники Asus TUF Gaming H3 ,2;1;2;0,Назначение: игровые,"Конструкция: накладные, закрытые","Хар-ки: 20 – 20000Гц, 32Ом","Подключение: проводные, 3.5 мм","Кабель: круглый, в оплетке, 1.3м",,,Наушники Asus TUF Gaming H3 
151,Наушники A4Tech Bloody G350 ,0;0;0;4,Назначение: игровые,"Конструкция: накладные, закрытые","Хар-ки: 20 – 20000Гц, 16Ом","Подключение: проводные, USB A","Кабель: круглый, плетеный, 2м",,,Наушники A4Tech Bloody G350 
152,Наушники SteelSeries Arctis Pro ,0;2;1;4,"Назначение: игровые, Hi-Res","Конструкция: накладные, закрытые","Хар-ки: 10 – 40000Гц, 32Ом","Подключение: проводные, 3.5 мм, USB A",Кабель: круглый,,,Наушники SteelSeries Arctis Pro 
153,Наушники JBL Tune 225TWS ,2;1;6;6,Конструкция: вкладыши,"Хар-ки: 20 – 20000Гц, 32Ом","Подключение: беспроводные, Bluetooth v 5.0","Аккумулятор: 22мАч, до 5ч","Кейс: 410мАч, до 25ч",,,Наушники JBL Tune 225TWS 
154,Наушники A4Tech Bloody G575 Punk ,0;0;0;0,Назначение: игровые,"Конструкция: накладные, закрытые","Хар-ки: 20 – 20000Гц, 16Ом","Подключение: проводные, USB A","Кабель: круглый, в оплетке, 2м",,,Наушники A4Tech Bloody G575 Punk 
155,Наушники Haylou GT5 ,1;1;0;1,Конструкция: внутриканальные,Хар-ки: 20 – 20000Гц,"Подключение: беспроводные, Bluetooth v 5.0",Аккумулятор: до 4ч,Кейс: 580мАч,,,Наушники Haylou GT5 
156,Наушники HP OMEN X Mindframe ,0;0;0;2,Назначение: игровые,"Конструкция: накладные, закрытые","Хар-ки: 15 – 22000Гц, 32Ом","Подключение: проводные, USB A","Кабель: круглый, в оплетке, 2м",,,Наушники HP OMEN X Mindframe 
157,Наушники Razer Nari Essential ,0;0;1;0,Назначение: игровые,"Конструкция: накладные, закрытые","Хар-ки: 20 – 20000Гц, 32Ом","Подключение: беспроводные, радиоканал",Аккумулятор: до 16ч,,,Наушники Razer Nari Essential 
158,Наушники Haylou GT1 ,3;1;3;7,Назначение: для спорта,Конструкция: внутриканальные,"Хар-ки: 20 – 20000Гц, 32Ом","Подключение: беспроводные, Bluetooth v 5.0","Аккумулятор: 43мАч, до 3.5ч",,Кейс: до 12ч,Наушники Haylou GT1 
159,Наушники HyperX Cloud Stinger Core ,0;0;2;4,"Назначение: игровые, PlayStation 4","Конструкция: накладные, закрытые","Хар-ки: 20 – 20000Гц, 16Ом","Подключение: проводные, 3.5 мм","Кабель: круглый, 1.3м",,,Наушники HyperX Cloud Stinger Core 
160,Наушники HyperX Cloud Mix ,1;0;3;5,Назначение: игровые,"Конструкция: накладные, закрытые","Хар-ки: 10 – 40000Гц, 40Ом","Подключение: комбинированные, 3.5 мм, 2х3.5 мм, Bluetooth v 4.2","Кабель: круглый, в оплетке, 1.3м",,Аккумулятор: до 20ч,Наушники HyperX Cloud Mix 
161,Наушники A4Tech Bloody M30 ,1;0;0;5,"Назначение: игровые, для спорта",Конструкция: внутриканальные,"Хар-ки: 20 – 20000Гц, 32Ом","Подключение: беспроводные, Bluetooth v 5.0","Аккумулятор: 40мАч, до 4ч",,Кейс: до 22ч,Наушники A4Tech Bloody M30 
162,Наушники Audio-Technica ATH-SR30BT ,0;0;0;2,"Конструкция: накладные, закрытые","Хар-ки: 5 – 35000Гц, 32Ом","Подключение: беспроводные, Bluetooth v 5.0",Аккумулятор: до 70ч,,,,Наушники Audio-Technica ATH-SR30BT 
163,Наушники Asus ROG Cetra II Core ,0;0;0;0,"Назначение: игровые, Hi-Res",Конструкция: внутриканальные,"Хар-ки: 20 – 40000Гц, 32Ом","Подключение: проводные, 3.5 мм","Кабель: круглый, 1.25м",,,Наушники Asus ROG Cetra II Core 
164,Наушники Bose QuietComfort Earbuds ,0;1;0;0,Конструкция: внутриканальные,Хар-ки: 20 – 20000Гц,"Подключение: беспроводные, Bluetooth v 5.1",Аккумулятор: до 6ч,Кейс: до 18ч,,,Наушники Bose QuietComfort Earbuds 
165,Наушники Beats Studio Buds ,0;0;0;2,Назначение: для спорта,Конструкция: внутриканальные,Подключение: беспроводные,Аккумулятор: до 5ч,Кейс: до 24ч,,,Наушники Beats Studio Buds 
166,Наушники HyperX Cloud Flight ,1;0;0;3,"Назначение: игровые, PlayStation 4","Конструкция: накладные, закрытые","Хар-ки: 20 – 20000Гц, 32Ом","Подключение: комбинированные, 3.5 мм, радиоканал","Кабель: круглый, 1.3м",,Аккумулятор: до 30ч,Наушники HyperX Cloud Flight 
167,Наушники HyperX Cloud Buds ,0;0;0;0,Конструкция: внутриканальные,"Хар-ки: 20 – 20000Гц, 65.2Ом","Подключение: беспроводные, Bluetooth v 5.1",Кабель: плоский,Аккумулятор: до 10ч,,,Наушники HyperX Cloud Buds 
168,Наушники Koss The Plug ,5;4;2;4,Конструкция: внутриканальные,"Хар-ки: 10 – 20000Гц, 16Ом","Подключение: проводные, 3.5 мм","Кабель: круглый, 1.2м",,,,Наушники Koss The Plug 
169,Наушники HyperX Cloud Core Wireless ,0;0;0;0,Назначение: игровые,"Конструкция: накладные, закрытые","Хар-ки: 10 – 21000Гц, 60Ом","Подключение: беспроводные, USB A, радиоканал",Аккумулятор: до 20ч,,,Наушники HyperX Cloud Core Wireless 
170,Наушники HyperX Cloud Alpha Wireless ,0;0;0;0,Назначение: игровые,"Конструкция: накладные, закрытые","Хар-ки: 15 – 21000Гц, 62Ом","Подключение: беспроводные, радиоканал",Аккумулятор: до 300ч,,,Наушники HyperX Cloud Alpha Wireless 
171,Наушники JBL Live 300TWS ,0;0;0;3,Назначение: для спорта,Конструкция: внутриканальные,"Хар-ки: 20 – 20000Гц, 16Ом","Подключение: беспроводные, Bluetooth v 5.0","Аккумулятор: 55мАч, до 6ч",,"Кейс: 450мАч, до 20ч",Наушники JBL Live 300TWS 
172,Наушники Beats Powerbeats Pro ,0;0;0;0,Назначение: для спорта,Конструкция: внутриканальные,"Хар-ки: 20 – 20000Гц, 16Ом","Подключение: беспроводные, Bluetooth v 5.0",Аккумулятор: до 9ч,,Кейс: до 24ч,Наушники Beats Powerbeats Pro 
173,Наушники Asus ROG Strix Go Core ,0;0;1;0,"Назначение: игровые, Hi-Res","Конструкция: накладные, закрытые","Хар-ки: 20 – 40000Гц, 32Ом","Подключение: проводные, 3.5 мм, 2х3.5 мм","Кабель: круглый, 1.2м",,,Наушники Asus ROG Strix Go Core 
174,Наушники Sony MDR-ZX110 ,3;3;5;1,"Конструкция: накладные, закрытые","Хар-ки: 12 – 22000Гц, 24Ом","Подключение: проводные, 3.5 мм","Кабель: плоский, 1.2м",,,,Наушники Sony MDR-ZX110 
175,Наушники Sony MDR-EX15AP ,6;4;1;1,Конструкция: внутриканальные,"Хар-ки: 8 – 22000Гц, 16Ом","Подключение: проводные, 3.5 мм","Кабель: круглый, 1.2м",,,,Наушники Sony MDR-EX15AP 
176,Наушники 2E HG340 7.1 ,0;0;0;0,Назначение: игровые,"Конструкция: накладные, закрытые","Хар-ки: 20 – 20000Гц, 16Ом","Подключение: проводные, USB A","Кабель: круглый, 2м",,,Наушники 2E HG340 7.1 
177,Наушники JBL Live 400BT ,0;0;3;1,"Конструкция: накладные, закрытые","Хар-ки: 20 – 20000Гц, 32Ом","Подключение: комбинированные, 3.5 мм, Bluetooth v 4.2","Кабель: круглый, в оплетке","Аккумулятор: 700мАч, до 24ч",,,Наушники JBL Live 400BT 
178,Наушники 2E HG340 ,0;0;0;0,Назначение: игровые,"Конструкция: накладные, закрытые","Хар-ки: 20 – 20000Гц, 32Ом","Подключение: проводные, 3.5 мм, 2х3.5 мм, USB A","Кабель: круглый, 2м",,,Наушники 2E HG340 
179,Наушники SteelSeries Arctis Nova 3 ,0;0;0;0,"Назначение: игровые, Playstation 4/5, Xbox One, Series S/X, Nintendo Switch","Конструкция: накладные, закрытые","Хар-ки: 20 – 22000Гц, 36Ом","Подключение: проводные, 3.5 мм, USB A, USB C","Кабель: круглый, 1.2м",,,Наушники SteelSeries Arctis Nova 3 
180,Наушники Hoco W30 ,0;0;1;0,"Конструкция: накладные, закрытые",Хар-ки: 20 – 20000Гц,"Подключение: комбинированные, 3.5 мм, Bluetooth v 5.0",Кабель: круглый,"Аккумулятор: 300мАч, до 8ч",,,Наушники Hoco W30 
181,Наушники Asus ROG Delta Core ,0;0;1;0,"Назначение: игровые, Hi-Res","Конструкция: накладные, закрытые","Хар-ки: 20 – 40000Гц, 32Ом","Подключение: проводные, 3.5 мм, 2х3.5 мм","Кабель: круглый, в оплетке, 1.5м",,,Наушники Asus ROG Delta Core 
182,Наушники Razer Nari ,0;0;0;2,Назначение: игровые,"Конструкция: накладные, закрытые","Хар-ки: 20 – 20000Гц, 32Ом","Подключение: комбинированные, 3.5 мм, радиоканал",Кабель: круглый,,Аккумулятор: до 20ч,Наушники Razer Nari 
183,Наушники Audio-Technica ATH-ANC900BT ,0;0;0;0,"Конструкция: накладные, закрытые","Хар-ки: 5 – 40000Гц, 35Ом","Подключение: комбинированные, 3.5 мм, Bluetooth v 5.0","Кабель: круглый, 1.2м",Аккумулятор: до 35ч,,,Наушники Audio-Technica ATH-ANC900BT 
184,Наушники A4Tech Bloody M70 ,0;2;0;4,"Назначение: игровые, для спорта",Конструкция: внутриканальные,"Хар-ки: 20 – 20000Гц, 16Ом","Подключение: беспроводные, Bluetooth v 5.0","Аккумулятор: 60мАч, до 6ч",,"Кейс: 400мАч, до 24ч",Наушники A4Tech Bloody M70 
185,Наушники A4Tech Bloody G573P ,0;0;1;0,"Назначение: игровые, Xbox, PlayStation 4, PlayStation 5","Конструкция: накладные, закрытые","Хар-ки: 20 – 20000Гц, 16Ом","Подключение: проводные, 3.5 мм, USB A","Кабель: круглый, в оплетке, 2м",,,Наушники A4Tech Bloody G573P 
186,Наушники Bang&Olufsen BeoPlay HX ,0;0;0;0,"Конструкция: накладные, закрытые","Хар-ки: 20 – 22000Гц, 24Ом","Подключение: комбинированные, 3.5 мм, Bluetooth v 5.1",Кабель: 1.25м,"Аккумулятор: 1200мАч, до 35ч",,,Наушники Bang&Olufsen BeoPlay HX 
187,Наушники MSI DS502 ,1;0;1;0,Назначение: игровые,"Конструкция: накладные, закрытые","Хар-ки: 20 – 20000Гц, 32Ом","Подключение: проводные, USB A","Кабель: круглый, 2м",,,Наушники MSI DS502 
188,Наушники Defender FreeMotion B580 ,0;0;0;0,"Конструкция: накладные, закрытые","Хар-ки: 20 – 20000Гц, 32Ом","Подключение: комбинированные, Bluetooth v 5.0","Аккумулятор: 300мАч, до 8ч",,,,Наушники Defender FreeMotion B580 
189,Наушники Hoco W23 ,0;0;0;1,"Конструкция: накладные, открытые",Хар-ки: 20 – 20000Гц,"Подключение: комбинированные, 3.5 мм, Bluetooth v 5.0","Аккумулятор: 300мАч, до 8ч",,,,Наушники Hoco W23 
190,Наушники Beats Solo3 Wireless ,1;1;0;3,"Конструкция: накладные, закрытые","Подключение: комбинированные, 3.5 мм, Bluetooth",Кабель: круглый,Аккумулятор: до 40ч,,,,Наушники Beats Solo3 Wireless 
191,Наушники HyperX Cloud Stinger Core PC ,1;0;6;9,Назначение: игровые,"Конструкция: накладные, закрытые","Хар-ки: 20 – 20000Гц, 16Ом","Подключение: проводные, 3.5 мм, 2х3.5 мм","Кабель: круглый, 1.3м",,,Наушники HyperX Cloud Stinger Core PC 
192,Наушники Philips TAE1105 ,0;0;0;0,Конструкция: внутриканальные,"Хар-ки: 20 – 20000Гц, 16Ом","Подключение: проводные, 3.5 мм","Кабель: плоский, 1.2м",,,,Наушники Philips TAE1105 
193,Наушники JBL Reflect Mini NC ,0;0;0;0,Назначение: для спорта,Конструкция: внутриканальные,"Хар-ки: 20 – 20000Гц, 16Ом","Подключение: беспроводные, Bluetooth v 5.1","Аккумулятор: 50мАч, до 6ч",,Кейс: 300мАч,Наушники JBL Reflect Mini NC 
194,Наушники Sony MDR-ZX110AP ,0;2;2;3,"Конструкция: накладные, закрытые","Хар-ки: 12 – 22000Гц, 24Ом","Подключение: проводные, 3.5 мм","Кабель: плоский, 1.2м",,,,Наушники Sony MDR-ZX110AP 
195,Наушники Razer Kraken Kitty Edition ,0;0;1;0,Назначение: игровые,Конструкция: накладные (Cat Ear),"Хар-ки: 20 – 20000Гц, 32Ом","Подключение: проводные, USB A","Кабель: круглый, в оплетке, 1.3м",,,Наушники Razer Kraken Kitty Edition 
196,Наушники Realme Buds Air Pro ,0;0;0;1,Назначение: для спорта,Конструкция: внутриканальные,Хар-ки: 20 – 20000Гц,"Подключение: беспроводные, Bluetooth v 5.0","Аккумулятор: 43мАч, до 5ч",,"Кейс: 400мАч, до 25ч",Наушники Realme Buds Air Pro 
197,Наушники A4Tech Bloody G600i ,0;1;0;1,Назначение: игровые,"Конструкция: накладные, закрытые","Хар-ки: 20 – 20000Гц, 32Ом","Подключение: проводные, 3.5 мм, USB A","Кабель: круглый, в оплетке, 1.3м",,,Наушники A4Tech Bloody G600i 
198,Наушники Razer Kraken V3 HyperSense ,0;0;0;0,Назначение: игровые,"Конструкция: накладные, закрытые","Хар-ки: 20 – 20000Гц, 32Ом","Подключение: проводные, USB A","Кабель: круглый, в оплетке, 2м",,,Наушники Razer Kraken V3 HyperSense 
199,Наушники Defender Warhead G-160 ,5;2;4;1,Назначение: игровые,"Конструкция: накладные, закрытые","Хар-ки: 20 – 20000Гц, 32Ом","Подключение: проводные, 2х3.5 мм","Кабель: круглый, 2.5м",,,Наушники Defender Warhead G-160 
200,Наушники Ritmix RH-533 ,0;2;0;1,"Конструкция: накладные, закрытые","Хар-ки: 20 – 20000Гц, 32Ом","Подключение: проводные, USB A","Кабель: круглый, 2.4м",,,,Наушники Ritmix RH-533 
201,Наушники Razer Kraken V3 ,0;0;0;0,Назначение: игровые,"Конструкция: накладные, закрытые","Хар-ки: 20 – 20000Гц, 32Ом","Подключение: проводные, USB A","Кабель: круглый, в оплетке, 2м",,,Наушники Razer Kraken V3 
202,Наушники QCY HT03 ,0;0;0;0,Конструкция: внутриканальные,"Хар-ки: 20 – 20000Гц, 32Ом","Подключение: беспроводные, Bluetooth v 5.1","Аккумулятор: 45мАч, до 5ч","Кейс: 380мАч, до 24ч",,,Наушники QCY HT03 
203,Наушники Honor Choice TWS ,0;1;1;3,Назначение: для спорта,Конструкция: внутриканальные,Хар-ки: 16Ом,"Подключение: беспроводные, Bluetooth v 5.0","Аккумулятор: 55мАч, до 6ч",,,Наушники Honor Choice TWS 
204,Наушники Sven AP-G988MV ,2;2;3;4,Назначение: игровые,"Конструкция: накладные, закрытые","Хар-ки: 20 – 20000Гц, 32Ом","Подключение: проводные, 3.5 мм, 2х3.5 мм","Кабель: круглый, в оплетке, 1.2м",,,Наушники Sven AP-G988MV 
205,Наушники A4Tech Bloody M90 ,1;0;0;0,"Назначение: игровые, для спорта",Конструкция: внутриканальные,"Хар-ки: 20 – 20000Гц, 32Ом","Подключение: беспроводные, Bluetooth v 5.1","Аккумулятор: 40мАч, до 4ч",,Кейс: 500мАч,Наушники A4Tech Bloody M90 
206,Наушники Audio-Technica ATH-ANC500BT ,0;1;1;0,"Конструкция: накладные, закрытые","Хар-ки: 20 – 20000Гц, 32Ом","Подключение: комбинированные, 3.5 мм, Bluetooth v 4.1",Кабель: круглый,Аккумулятор: до 20ч,,,Наушники Audio-Technica ATH-ANC500BT 
207,Наушники Philips TAUE100 ,0;0;0;0,Конструкция: вкладыши,"Хар-ки: 20 – 20000Гц, 32Ом","Подключение: проводные, 3.5 мм","Кабель: круглый, 1м",,,,Наушники Philips TAUE100 
208,Наушники Razer Kraken V3 Pro ,0;0;0;0,Назначение: игровые,"Конструкция: накладные, закрытые","Хар-ки: 20 – 20000Гц, 32Ом","Подключение: комбинированные, 3.5 мм, USB A, радиоканал","Кабель: круглый, в оплетке, 1.3м",,Аккумулятор: до 44ч,Наушники Razer Kraken V3 Pro 
209,Наушники Cougar HX330 ,0;0;0;0,Назначение: игровые,"Конструкция: накладные, закрытые","Хар-ки: 20 – 20000Гц, 32Ом","Подключение: проводные, 3.5 мм, 2х3.5 мм",,,,Наушники Cougar HX330 
210,Наушники Razer Hammerhead True Wireless X ,0;0;0;0,Конструкция: вкладыши,"Хар-ки: 20 – 20000Гц, 32Ом","Подключение: беспроводные, Bluetooth v 5.2",Аккумулятор: до 6ч,Кейс: до 24ч,,,Наушники Razer Hammerhead True Wireless X 
211,Наушники Sony WI-C200 ,0;0;2;4,Конструкция: внутриканальные,Хар-ки: 20 – 20000Гц,"Подключение: беспроводные, Bluetooth v 5.0",Кабель: круглый,,,,Наушники Sony WI-C200 
212,Наушники Haylou T15 ,0;0;1;3,Назначение: для спорта,Конструкция: внутриканальные,"Подключение: беспроводные, Bluetooth v 5.0","Кейс: 2200мАч, до 60ч",,,,Наушники Haylou T15 
213,Наушники JBL T115BT ,0;1;1;2,Конструкция: внутриканальные,"Хар-ки: 20 – 20000Гц, 16Ом","Подключение: беспроводные, Bluetooth v 4.2",Кабель: плоский,"Аккумулятор: 160мАч, до 8ч",,,Наушники JBL T115BT 
214,Наушники A4Tech Bloody G200 ,0;0;2;3,Назначение: игровые,"Конструкция: накладные, закрытые","Хар-ки: 20 – 20000Гц, 16Ом","Подключение: проводные, 3.5 мм, 2х3.5 мм","Кабель: круглый, в оплетке, 2м",,,Наушники A4Tech Bloody G200 
215,Наушники Sven AP-U988MV ,3;0;5;1,Назначение: игровые,"Конструкция: накладные, закрытые","Хар-ки: 20 – 20000Гц, 32Ом","Подключение: проводные, USB A","Кабель: круглый, в оплетке, 2.2м",,,Наушники Sven AP-U988MV 
216,Наушники Razer Opus ,0;0;0;0,Назначение: игровые,"Конструкция: накладные, закрытые",Хар-ки: 10 – 20000Гц,"Подключение: комбинированные, 3.5 мм, Bluetooth v 4.2","Кабель: круглый, 1.5м",,Аккумулятор: до 25ч,Наушники Razer Opus 
217,Наушники Defender Warhead G-120 ,0;0;0;2,Назначение: игровые,"Конструкция: накладные, закрытые","Хар-ки: 20 – 20000Гц, 32Ом","Подключение: проводные, 2х3.5 мм","Кабель: плоский, 2м",,,Наушники Defender Warhead G-120 
218,Наушники Lenovo HD800 ,0;0;0;0,"Конструкция: накладные, закрытые","Хар-ки: 20 – 20000Гц, 32Ом","Подключение: комбинированные, 3.5 мм, Bluetooth v 5.0",Кабель: 1.2м,"Аккумулятор: 500мАч, до 20ч",,,Наушники Lenovo HD800 
219,Наушники Logitech G533 ,0;0;1;0,Назначение: игровые,"Конструкция: накладные, закрытые","Хар-ки: 20 – 20000Гц, 32Ом","Подключение: беспроводные, USB A, радиоканал",Аккумулятор: до 15ч,,,Наушники Logitech G533 
220,Наушники Audio-Technica ATH-M20x ,1;0;3;1,"Конструкция: накладные, закрытые","Хар-ки: 15 – 20000Гц, 47Ом","Подключение: проводные, 3.5 мм, 6.35 мм","Кабель: круглый, 3м",,,,Наушники Audio-Technica ATH-M20x 
221,Наушники Edifier TWS NB2 Pro ,0;0;0;0,Назначение: для спорта,Конструкция: внутриканальные,"Хар-ки: 20 – 20000Гц, 24Ом","Подключение: беспроводные, Bluetooth v 5.0","Аккумулятор: 60мАч, до 7ч",,"Кейс: 500мАч, до 32ч",Наушники Edifier TWS NB2 Pro 
222,Наушники Edifier S3 ,0;0;0;0,Назначение: Hi-Res,"Конструкция: накладные, закрытые","Хар-ки: 20 – 40000Гц, 24Ом","Подключение: комбинированные, 3.5 мм, Bluetooth v 5.2","Аккумулятор: 1500мАч, до 80ч",,,Наушники Edifier S3 
223,Наушники FiiO JD3 ,0;0;0;0,Конструкция: внутриканальные,"Хар-ки: 10 – 40000Гц, 16Ом","Подключение: проводные, 3.5 мм","Кабель: круглый, 1.2м",,,,Наушники FiiO JD3 
224,Наушники Crown CMGH-101T ,0;0;0;0,Назначение: игровые,"Конструкция: накладные, закрытые","Хар-ки: 10 – 22000Гц, 32Ом","Подключение: проводные, 3.5 мм, 2х3.5 мм","Кабель: круглый, в оплетке, 2.1м",,,Наушники Crown CMGH-101T 
225,Наушники JBL Live Free NC+ ,0;0;1;0,Назначение: для спорта,Конструкция: внутриканальные,"Хар-ки: 20 – 20000Гц, 16Ом","Подключение: беспроводные, Bluetooth v 5.1","Аккумулятор: 50мАч, до 6ч",,"Кейс: 300мАч, до 21ч",Наушники JBL Live Free NC+ 
226,Наушники Razer Kraken Quartz Edition ,5;2;6;1,Назначение: игровые,"Конструкция: накладные, закрытые","Хар-ки: 12 – 28000Гц, 32Ом","Подключение: проводные, 3.5 мм","Кабель: круглый, 1.3м",,,Наушники Razer Kraken Quartz Edition 
227,Наушники Cougar Immersa Ti ,0;0;0;1,Назначение: игровые,"Конструкция: накладные, закрытые","Хар-ки: 20 – 20000Гц, 32Ом","Подключение: проводные, 3.5 мм, 2х3.5 мм","Кабель: круглый, 2м",,,Наушники Cougar Immersa Ti 
228,Наушники Razer Hammerhead ,0;6;6;1,Назначение: игровые,Конструкция: внутриканальные,"Хар-ки: 20 – 20000Гц, 16Ом","Подключение: проводные, 3.5 мм","Кабель: плоский, 1.3м",,,Наушники Razer Hammerhead 
229,Наушники Logitech H390 ,0;0;0;1,"Конструкция: накладные, закрытые","Хар-ки: 20 – 20000Гц, 32Ом","Подключение: проводные, USB A","Кабель: круглый, 2.4м",,,,Наушники Logitech H390 
230,Наушники HyperX Cloud Stinger Core Wireless 7.1 ,1;0;4;1,Назначение: игровые,"Конструкция: накладные, закрытые","Хар-ки: 20 – 20000Гц, 16Ом","Подключение: беспроводные, радиоканал",Аккумулятор: до 17ч,,,Наушники HyperX Cloud Stinger Core Wireless 7.1 
231,Наушники Defender Warhead G-390 Led ,0;0;0;0,Назначение: игровые,"Конструкция: накладные, закрытые","Хар-ки: 20 – 20000Гц, 32Ом","Подключение: проводные, 3.5 мм, 2х3.5 мм, USB A","Кабель: круглый, в оплетке, 1.8м",,,Наушники Defender Warhead G-390 Led 
232,Наушники Panasonic RP-HS34E ,1;2;2;0,Конструкция: вкладыши,"Хар-ки: 10 – 25000Гц, 23Ом","Подключение: проводные, 3.5 мм","Кабель: круглый, 1.2м",,,,Наушники Panasonic RP-HS34E 
233,Наушники Cougar Immersa Essential ,0;1;0;0,Назначение: игровые,"Конструкция: накладные, закрытые","Хар-ки: 20 – 20000Гц, 32Ом","Подключение: проводные, 3.5 мм",Кабель: круглый,,,Наушники Cougar Immersa Essential 
234,Наушники Razer Hammerhead True Wireless Pro ,0;0;0;0,Назначение: для спорта,Конструкция: внутриканальные,"Хар-ки: 20 – 20000Гц, 16Ом","Подключение: беспроводные, Bluetooth v 5.1",Аккумулятор: до 4ч,,,Наушники Razer Hammerhead True Wireless Pro 
235,Наушники 2E S2 ,0;0;0;1,Конструкция: внутриканальные,"Хар-ки: 20 – 20000Гц, 16Ом","Подключение: проводные, 3.5 мм","Кабель: круглый, 1.1м",,,,Наушники 2E S2 
236,Наушники Sony MDR-ZX310AP ,5;8;5;7,"Конструкция: накладные, закрытые","Хар-ки: 10 – 24000Гц, 24Ом","Подключение: проводные, 3.5 мм","Кабель: плоский, 1.2м",,,,Наушники Sony MDR-ZX310AP 
237,Наушники Defender Gryphon 750 ,7;7;1;1,"Конструкция: накладные, закрытые","Хар-ки: 18 – 20000Гц, 32Ом","Подключение: проводные, 2х3.5 мм","Кабель: круглый, 2м",,,,Наушники Defender Gryphon 750 
238,Наушники HyperX Cloud Orbit S ,0;0;0;3,"Назначение: игровые, Hi-Res","Конструкция: накладные, закрытые",Хар-ки: 10 – 50000Гц,"Подключение: проводные, 3.5 мм, USB A, USB C","Кабель: круглый, в оплетке, 1.2м",,,Наушники HyperX Cloud Orbit S 
239,Наушники A4Tech Bloody G501 ,8;1;1;1,Назначение: игровые,"Конструкция: накладные, закрытые","Хар-ки: 20 – 20000Гц, 32Ом","Подключение: проводные, USB A","Кабель: круглый, 2.2м",,,Наушники A4Tech Bloody G501 
